,Model,Layers,Units,learning rate,Mean Squared Errors (validation),Mean Squared Errors (training)
0,LSTM,2,32,0.0001778279410038923,0.16479007124003725,0.5323953410629118
1,DNN,2,32,0.0028183829312644552,1.039221065601826,1.1241771970095167
2,RNN,2,32,0.005011872336272725,0.784167648886484,0.8976765534022765
3,CNN,2,32,0.0005011872336272723,0.35434474155689477,0.561909871949588
4,LSTM,3,32,0.0003548133892335755,1.2484669350696598,2.0506510811816403
5,DNN,3,32,0.0003548133892335755,0.4821384490701919,0.7736251248130934
6,RNN,3,32,0.0035481338923357537,1.09369918471205,1.3854900728832886
7,CNN,3,32,0.001,0.1460749397989183,0.38391735187173914
