,Model,Layers,Units,learning rate,Mean Squared Errors (validation),Mean Squared Errors (training)
0,LSTM,2,32,0.001,0.5249357596731565,0.4863635608312543
1,DNN,2,32,7.07945784384138e-05,0.4233084719289947,0.588302507516972
2,RNN,2,32,0.0028183829312644552,0.1445806544986853,0.19959034922843583
3,CNN,2,32,0.001778279410038923,0.25210854916046804,0.3845776253953342
4,LSTM,3,32,0.001,0.18018910454938086,0.3184448700417665
5,DNN,3,32,0.0028183829312644552,0.38111366054669643,0.5516177317098262
6,RNN,3,32,0.00316227766016838,1.6830037891787224,1.8911833902587665
7,CNN,3,32,0.001995262314968879,3.4762515159697287,5.971660187207375
