,Layers,Units,learning rate,Mean Squared Errors (validation),Mean Squared Errors (training)
0,2,64,0.0008912509381337455,0.2686122692792932,0.3580998238463833
1,2,128,0.0007943282347242814,0.3126540591495441,0.3735415501017803
2,2,256,0.012589254117941677,0.37031945370144526,0.38396944958207946
3,2,512,0.014125375446227542,0.3834763107980963,0.36280556530024716
